﻿<?xml version="1.0" encoding="utf-8" ?>
<Advertisements xmlns="http://schemas.microsoft.com/AspNet/AdRotator-Schedule-File">
  <Ad>
    <ImageUrl>~/images/donalds_ad_2019.gif</ImageUrl>
    <NavigateUrl>https://www.mcdonalds.com.tr/</NavigateUrl>
    <AlternateText>Ad for mcdonalds</AlternateText>
    <Impressions>100</Impressions>
  </Ad>
  <Ad>
    <ImageUrl>~/images/sutas_ad_2019.jpg</ImageUrl>
    <NavigateUrl>https://www.sutas.com.tr/tr/guncel/kurumsal/sutastan-yenilikler/calkala-sutas-ayrani-kazan-megabaytlari</NavigateUrl>
    <AlternateText>Ad for sutas ayran</AlternateText>
    <Impressions>50</Impressions>
  </Ad>
</Advertisements>